date,week,stationName,Address,City,State,Charger type,stationModel,date_became_unreachable,hours_unreachable,currently_unreachable
2026-10-05,2026-W41,NYC FLEET / DCAS_1CENTRE-S1,1 Centre St,New York,New York,Level 2,CT4010-HD-GW,2026-05-27,3134.5,True
2026-10-05,2026-W41,NYC FLEET / NYPD_ARCHERGN-2,92-33 168th St,Queens,New York,Level 2,CT4010-HD-GW,2024-12-13,15856.0,True
2026-10-05,2026-W41,NYC FLEET / DHS_BKLMNR-1,300 Skillman Ave,Brooklyn,New York,Level 2,CT4020-HD2-GW-LTE,2026-08-18,1150.8,True
2026-10-05,2026-W41,NYC FLEET / DOE_K0001,50 Bedford Ave,Brooklyn,New York,Level 2,CT600-GW1-RFID,2022-02-27,40339.3,True
2026-10-05,2026-W41,NYC FLEET / DOE_ Q0002,165-65 84th Ave,Queens,New York,Level 2,CT600-GW1-RFID,2018-12-04,68674.1,True
2026-10-05,2026-W41,NYC FLEET / DOE_ Q0001,165-65 84th Ave,Queens,New York,Level 2,CT600-GW1-RFID,2022-03-02,40272.3,True
2026-10-05,2026-W41,NYC FLEET / DOE_ R0001,6581 Hylan Blvd,Staten Island,New York,Level 2,CT600-GW1-RFID,2019-03-07,66441.3,True
2026-10-05,2026-W41,NYC FLEET / OEMHQCADMAN-10,165 Cadman Plaza E,Brooklyn,New York,Level 2,CT600-GW1-RFID,2022-03-02,40269.6,True
2026-10-05,2026-W41,NYC FLEET / DOH_56 DRIVE,5617 56th Dr,queens,New York,Level 2,CT600-GW1-RFID,2022-03-02,40271.7,True
2026-10-05,2026-W41,NYC FLEET / DOT_SPARE-4,42 South St,New York,New York,Level 2,CPF50,2025-10-17,8466.4,True
2026-10-05,2026-W41,NYC FLEET / DCASNAVYYARD01,2 Navy St,Brooklyn,New York,Level 2,CPF25,2026-09-28,155.5,True
2026-10-05,2026-W41,NYC FLEET / DOT_SPARE-1,32 Old Slip,New York,New York,Level 2,CPF25,2025-10-17,8462.7,True
2026-10-05,2026-W41,NYC FLEET / DOT_SPARE-2,32 Old Slip,New York,New York,Level 2,CPF25,2025-10-17,8462.7,True
2026-10-05,2026-W41,NYC FLEET / DOT_SPARE-3,42 South St,New York,New York,Level 2,CPF25,2025-10-17,8462.7,True
2026-10-05,2026-W41,NYC FLEET / DSNY_BK12-S1,5509 19th Ave,Brooklyn,New York,Level 2,CT4010-HD-GW,2026-03-21,4753.5,True
2026-10-05,2026-W41,NYC FLEET / DSNY_BK12-S2,5509 19th Ave,Brooklyn,New York,Level 2,CT4010-HD-GW,2025-06-20,11331.2,True
2026-10-05,2026-W41,NYC FLEET / DPRSOUNDVIEW_#1,1550 Lafayette Ave,Clason Point,New York,Level 2,CPF50-L18,2026-02-24,5349.7,True
2026-10-05,2026-W41,NYC FLEET / DOC_VTF_1,15 West 5th Street,New York,New York,Level 2,CT4020-HD-GW,2026-10-04,7.0,True
2026-10-05,2026-W41,NYC FLEET / DSNY_FBF-S3,50 Aviation Rd,Brooklyn,New York,Level 2,CT4010-HD-GW,2026-10-04,6.5,True
2026-10-05,2026-W41,NYC FLEET / DEP_SIREPAIR-S1,182 Joline Ave,Staten Island,New York,Level 2,CT4010-HD-GW,2026-08-22,1038.5,True
2026-10-05,2026-W41,NYC FLEET / HRA_FOSTER-S1,10300 Foster Avenue,Brooklyn,New York,Level 2,CT4010-HD-GW,2025-09-07,9420.7,True
2026-10-05,2026-W41,NYC FLEET / DSNY_SI3A-S3,1000 West Service Road,Staten Island,New York,Level 2,CT4010-HD-GW,2025-08-12,10053.3,True
2026-10-05,2026-W41,NYC FLEET / NYPD_SPRGFLD-1,20 N Boundary Rd,Queens,New York,Level 2,CPF50-L18,2026-09-03,751.8,True
2026-10-05,2026-W41,NYC FLEET / NYPD_SPRGFLD-2,20 N Boundary Rd,Queens,New York,Level 2,CPF50-L18,2026-09-03,751.8,True
2026-10-05,2026-W41,NYC FLEET / NYPD_SPRGFLD-3,20 N Boundary Rd,Queens,New York,Level 2,CPF50-L18,2026-09-03,751.8,True
2026-10-05,2026-W41,NYC FLEET / NYPD_SPRGFLD-4,20 N Boundary Rd,Queens,New York,Level 2,CPF50-L18,2026-09-03,751.8,True
2026-10-05,2026-W41,NYC FLEET / NYPD_SPRGFLD-5,174-20 N Boundary Rd,Queens,New York,Level 2,CPF50-L18,2026-09-03,751.8,True
2026-10-05,2026-W41,NYC FLEET / NYPD_SPRGFLD-6,174-20 N Boundary Rd,Queens,New York,Level 2,CPF50-L18,2026-09-03,751.8,True
2026-10-05,2026-W41,NYC FLEET / DEPQUEENSREP-S2,106-36 180th St,Queens,New York,Level 2,CT4010-HD-GW,2026-10-04,5.7,True
2026-10-05,2026-W41,NYC FLEET / NYPD_34PCT-2,4301 US-9,New York,New York,Level 2,CPF50-L18,2026-08-21,1076.5,True
2026-10-05,2026-W41,NYC FLEET / DPR_GLDITRPK-S1,40 W 143rd St,New York,New York,Level 2,CT4010-HD-GW,2025-12-16,7031.3,True
2026-10-05,2026-W41,NYC FLEET / DSNY_FBF-S1,50 Aviation Rd,Brooklyn,New York,Level 2,CT4010-HD-GW,2025-12-26,6794.1,True
2026-10-05,2026-W41,NYC FLEET / DSNY_BK11-S3,1800 Shore Pkwy,Brooklyn,New York,Level 2,CT4010-HD-GW,2025-12-07,7249.2,True
2026-10-05,2026-W41,NYC FLEET / DSNY_BK11-S2,1800 Shore Pkwy,Brooklyn,New York,Level 2,CT4010-HD-GW,2025-09-05,9468.7,True
2026-10-05,2026-W41,NYC FLEET / DOB_QBH-S1,120-55 Queens Blvd Side lot 82nd Ave,Queens,New York,Level 2,CT4010-HD-GW,2026-10-04,5.8,True
2026-10-05,2026-W41,NYC FLEET / DSNY_BK11-S4,1800 Shore Pkwy,Brooklyn,New York,Level 2,CT4010-HD-GW,2026-01-25,6054.2,True
2026-10-05,2026-W41,NYC FLEET / DSNY_BK11-S1,1800 Shore Pkwy,Brooklyn,New York,Level 2,CT4010-HD-GW,2025-08-12,10037.1,True
2026-10-05,2026-W41,NYC FLEET / DSNY_SITS-S1,600 West Service Road,Staten Island,New York,Level 2,CT4010-HD2-GW-LTE,2025-07-25,10476.6,True
2026-10-05,2026-W41,NYC FLEET / DPRCUNINGHM-S3,Fresh Meadows Cunningham parking lot,Queens,New York,Level 2,CT4010-HD-GW,2026-01-27,6021.5,True
2026-10-05,2026-W41,NYC FLEET / DPRWFMARINA-S2,1 Marina Rd,Queens,New York,Level 2,CT4010-HD2-GW-LTE,2025-12-10,7160.8,True
2026-10-05,2026-W41,NYC FLEET / DHS_FARRAGUT-1,10107 Farragut Rd,Brooklyn,New York,Level 2,CPF50,2026-09-09,613.8,True
2026-10-05,2026-W41,NYC FLEET / DEP_SHAFT18,20 Westlake Dr,Valhalla,New York,Level 2,CT4020-HD-GW,2026-08-19,1116.1,True
2026-10-05,2026-W41,NYC FLEET / DEP_TALLMAN-1,127-11 Powells Cove Blvd,Queens,New York,Level 2,CT4025-HD-GW,2026-10-02,61.4,True
2026-10-05,2026-W41,NYC FLEET / DPR_SISHOPS3&4,25 Slosson Ave,Staten Island,New York,Level 2,CT4020-HD2-GW-LTE,2026-10-04,14.1,True
2026-10-05,2026-W41,NYC FLEET / NYPD_25PCT-2,120 E 119th St,New York,New York,Level 2,CPF50-L18,2025-12-16,7022.0,True
2026-10-05,2026-W41,NYC FLEET / NYPD_PSA4-5,126 Loisaida Ave,New York,New York,Level 2,CPF50,2026-08-08,1391.7,True
2026-10-05,2026-W41,NYC FLEET / DEP_ CONEY ISLA,2501 Knapp St,Brooklyn,New York,Level 2,CT4020-HD-GW,2026-08-13,1261.5,True
2026-10-05,2026-W41,NYC FLEET / DEP_WDRC#1,3525 State Highway 10,Deposit,New York,Level 2,CT4020-HD2-GW-LTE,2026-07-09,2101.8,True
2026-10-05,2026-W41,NYC FLEET / DPR_WPP-S1,161 Chester Ave,Staten Island,New York,Level 2,CT4010-HD-GW,2025-12-17,7009.1,True
2026-10-05,2026-W41,NYC FLEET / DOC_DCFLEET,15 Hazen St,Queens,New York,Level 2,CT4020-HD-GW,2026-10-04,26.1,True
2026-10-05,2026-W41,NYC FLEET / DEP_SIREPAIR-S2,182 Joline Ave,Staten Island,New York,Level 2,CT4010-HD-GW,2025-12-11,7133.7,True
2026-10-05,2026-W41,NYC FLEET / DPR_VCP-S5,6000 Mosholu Ave,The Bronx,New York,Level 2,CT4010-HD-GW,2026-10-04,6.5,True
2026-10-05,2026-W41,NYC FLEET / DEP_7WARDSI-S2,117 K Rd,New York,New York,Level 2,CT4010-HD-GW,2026-10-04,6.0,True
2026-10-05,2026-W41,NYC FLEET / DOT_PIER36-S1,299 South St,New York,New York,Level 2,CT4010-HD-GW,2026-01-27,6022.6,True
2026-10-05,2026-W41,NYC FLEET / DEP_BKWATER-S1,22 N 15th St,Brooklyn,New York,Level 2,CT4010-HD-GW,2026-10-04,6.1,True
2026-10-05,2026-W41,NYC FLEET / DPR_VCP-S4,6000 Mosholu Ave,The Bronx,New York,Level 2,CT4010-HD-GW,2025-09-07,9431.5,True
2026-10-05,2026-W41,NYC FLEET / DPR_VCP-S3,6000 Mosholu Ave,The Bronx,New York,Level 2,CT4010-HD-GW,2025-09-18,9157.5,True
2026-10-05,2026-W41,NYC FLEET / DSNY_SI1A-S2,3 Muldoon Ave,Staten Island,New York,Level 2,CT4010-HD-GW,2025-09-16,9203.9,True
2026-10-05,2026-W41,NYC FLEET / DSNY_SWM-S2,3 Muldoon Ave,Staten Island,New York,Level 2,CT4010-HD-GW,2025-06-11,11535.9,True
2026-10-05,2026-W41,NYC FLEET / DSNY_SWM-S1,3 Muldoon Ave,Staten Island,New York,Level 2,CT4010-HD-GW,2025-01-21,14920.8,True
2026-10-05,2026-W41,NYC FLEET / DSNY_SI3A-S2,3 Muldoon Ave,Staten Island,New York,Level 2,CT4010-HD-GW,2026-03-09,5021.3,True
2026-10-05,2026-W41,NYC FLEET / DSNY_SI1A-S1,3 Muldoon Ave,Staten Island,New York,Level 2,CT4010-HD-GW,2025-12-17,7008.7,True
2026-10-05,2026-W41,NYC FLEET / DSNY_SI3A-S1,3 Muldoon Ave,Staten Island,New York,Level 2,CT4010-HD-GW,2025-10-16,8477.3,True
2026-10-05,2026-W41,NYC FLEET / DEP_BXWM-S1,3201 Jerome Ave,The Bronx,New York,Level 2,CT4010-HD-GW,2025-09-15,9226.2,True
2026-10-05,2026-W41,NYC FLEET / NYPD_FBF-S1,50 Aviation Rd,Brooklyn,New York,Level 2,CT4010-HD-GW,2026-01-16,6270.0,True
2026-10-05,2026-W41,NYC FLEET / NYCHA_RAVENS-S1,35-35 21st St,Queens,New York,Level 2,CT4010-HD-GW,2025-11-27,7484.2,True
2026-10-05,2026-W41,NYC FLEET / NYCHA_CYPRHL-S1,1260 Sutter Ave,Brooklyn,New York,Level 2,CT4010-HD-GW,2026-01-26,6040.0,True
2026-10-05,2026-W41,NYC FLEET / DEP_BEERSTNPCT,21852 NY-10,Walton,New York,Level 2,CT4020-HD-GW,2026-10-05,3.0,True
2026-10-05,2026-W41,NYC FLEET / DOC_OBCC1,16-00 Hazen Street,The Bronx,New York,Level 2,CT4020-HD-GW,2026-10-02,53.5,True
2026-10-05,2026-W41,NYC FLEET / DOC_HAZENLOT4,15 Hazen St,The Bronx,New York,Level 2,CT4010-HD2-GW-LTE,2026-03-17,4831.7,True
2026-10-05,2026-W41,NYC FLEET / DPRROCKAWAY80S1,3-50 80 St,Queens,New York,Level 2,CT4010-HD2-GW-LTE,2025-09-13,9287.4,True
2026-10-05,2026-W41,NYC FLEET / DPRROCKAWAY80S2,3-50 80 St,Queens,New York,Level 2,CT4010-HD-GW,2025-12-04,7301.6,True
2026-10-05,2026-W41,NYC FLEET / DPR_OVERLOOK-S1,80-30 Park Ln,Queens,New York,Level 2,CT4010-HD-GW,2025-12-04,7302.3,True
2026-10-05,2026-W41,NYC FLEET / DPR_OVERLOOK-S2,80-30 Park Ln,Queens,New York,Level 2,CT4010-HD-GW,2025-12-12,7108.8,True
2026-10-05,2026-W41,NYC FLEET / DPRRIVERSIDE-S3,Hudson River Greenway,New York,New York,Level 2,CT4010-HD-GW,2024-12-12,15889.7,True
2026-10-05,2026-W41,NYC FLEET / DPRRIVERSIDE-S4,475 Riverside Dr,New York,New York,Level 2,CT4010-HD-GW,2026-10-04,6.1,True
2026-10-05,2026-W41,NYC FLEET / DPRINWOODHLL-S1,600 W 218th St,New York,New York,Level 2,CT4010-HD-GW,2025-12-15,7038.0,True
2026-10-05,2026-W41,NYC FLEET / DPRINWOODHLL-S2,600 W 218th St,New York,New York,Level 2,CT4010-HD-GW,2026-10-04,5.5,True
2026-10-05,2026-W41,NYC FLEET / DPR_BUSHWICK-S1,29 N 10th St,Brooklyn,New York,Level 2,CT4010-HD-GW,2026-01-29,5960.7,True
2026-10-05,2026-W41,NYC FLEET / DPRTENISCNTR-S1,1-00 Meridian Rd,Queens,New York,Level 2,CT4010-HD-GW,2025-12-22,6874.6,True
2026-10-05,2026-W41,NYC FLEET / DPR_MILLPOND-S1,5968 Maj Wm Deegan Blvd,The Bronx,New York,Level 2,CT4010-HD-GW,2025-12-05,7294.5,True
2026-10-05,2026-W41,NYC FLEET / DPR_DYKERBEA-S1,1121 86th St,Brooklyn,New York,Level 2,CT4010-HD2-GW-LTE,2025-12-05,7278.9,True
2026-10-05,2026-W41,NYC FLEET / DPR_MIDLAND-S4,3 Iroquois St,Staten Island,New York,Level 2,CT4010-HD-GW,2026-01-29,5960.6,True
2026-10-05,2026-W41,NYC FLEET / NYPD_FBF-S2,50 Aviation Rd,Brooklyn,New York,Level 2,CT4010-HD2-GW-LTE,2025-12-11,7137.1,True
2026-10-05,2026-W41,NYC FLEET / DOT_GLENDALE-S1,69-46 Sybilla St,Queens,New York,Level 2,CT4010-HD-GW,2026-10-04,5.9,True
2026-10-05,2026-W41,NYC FLEET / DOT_GLENDALE-S2,69-46 Sybilla St,Queens,New York,Level 2,CT4010-HD-GW,2025-10-30,8145.2,True
2026-10-05,2026-W41,NYC FLEET / DPRROCKAWAY97S2,86-01 Shore Front Pkwy,Queens,New York,Level 2,CT4010-HD-GW,2026-10-05,1.2,True
2026-10-05,2026-W41,NYC FLEET / DPRROCKAWAY97S1,97-01 Shore Front Pkwy,Queens,New York,Level 2,CT4010-HD-GW,2026-10-01,82.4,True
2026-10-05,2026-W41,NYC FLEET / NYPD_123PCT-#1,116 Main St,Staten Island,New York,Level 2,CPF50-L18,2026-03-10,4997.8,True
2026-10-05,2026-W41,NYC FLEET / DOE_KNGHWY197#1,1599 E 22nd St,Brooklyn,New York,Level 2,CPF50-L18,2025-09-29,8892.3,True
2026-10-05,2026-W41,NYC FLEET / NYCHA_LEX-S1,1774 3rd Ave,New York,New York,Level 2,CT4010-HD2-GW-LTE,2025-12-07,7247.5,True
2026-10-05,2026-W41,NYC FLEET / DEP_TANNRSVLE-1,130 Allen Lane,Tannersville,New York,Level 2,CT4020-HD-GW,2026-10-04,7.1,True
2026-10-05,2026-W41,NYC FLEET / DOE_M646,321 E 96th St,New York,New York,Level 2,CT600-GW1-RFID,2022-03-02,40270.1,True
2026-10-05,2026-W41,NYC FLEET / DHS_COMM#27,64 Sunken Garden Loop,New York,New York,Level 2,CT600-GW1-RFID,2022-03-02,40269.9,True
2026-10-05,2026-W41,NYC FLEET / OEMHQCADMAN-12,165 Cadman Plaza E,Brooklyn,New York,Level 2,CT600-GW1-RFID,2022-03-02,40270.0,True
2026-10-05,2026-W41,NYC FLEET / DPROLMBRADDICK2,8 Olmsted Dr,Queens,New York,Level 2,CT4020-HD2-GW-LTE,2026-07-07,2146.5,True
2026-10-05,2026-W41,NYC FLEET / DEP_GRAHMSVLLE4,7870 New York 42,Grahamsville,New York,Level 2,CT4020-HD-GW,2026-07-23,1769.3,True
2026-10-05,2026-W41,NYC FLEET / DPRHIGHWAYP2-S1,2900 Flatbush Ave,Brooklyn,New York,Level 2,CT4010-HD-GW,2026-10-04,4.0,True
2026-10-05,2026-W41,NYC FLEET / DPRHIGHWAYP2-S2,2900 Flatbush Ave,Brooklyn,New York,Level 2,CT4010-HD-GW,2026-10-03,30.1,True
2026-10-05,2026-W41,NYC FLEET / DPRROCKAWAY30B,1-09 Beach 30th St,Queens,New York,Level 2,CT4010-HD-GW,2026-07-05,2198.0,True
2026-10-05,2026-W41,NYC FLEET / DPRBETSYHEAD-S1,739 Thomas Boland St.,Brooklyn,New York,Level 2,CT4010-HD-GW,2026-10-04,6.2,True
2026-10-05,2026-W41,NYC FLEET / DPRCUNINGHM3A-B,19600 Union Tpke,Fresh Meadows,New York,Level 2,CT4020-HD-GW,2023-10-10,26170.8,True
2026-10-05,2026-W41,NYC FLEET / DPRSIFRSTRY#5#6,21-51 Slosson Ave,Castleton Corners,New York,Level 2,CT4020-HD-GW,2026-10-04,8.1,True
2026-10-05,2026-W41,NYC FLEET / DEP_KINGSTON-6,81 Smith Avenue,Kingston,New York,Level 2,CT4020-HD-GW,2026-10-04,8.2,True
2026-10-05,2026-W41,NYC FLEET / DPRQNSMSEUM#1#2,Avenue of the States,Corona,New York,Level 2,CT4020-HD-GW,2026-10-03,44.9,True
2026-10-05,2026-W41,NYC FLEET / DSNY_BK01-1,161 Varick ave,East Williamsburg,New York,Level 2,CT4020-HD-GW,2026-10-05,1.1,True
2026-10-05,2026-W41,NYC FLEET / DOT_COURTST-S1,688 Court St,Brooklyn,New York,Level 2,CT4010-HD-GW,2026-07-05,2202.7,True
2026-10-05,2026-W41,NYC FLEET / DDC_LIC-S2,30-20 Thomson Ave,Queens,New York,Level 2,CT4010-HD-GW,2026-06-15,2687.5,True
2026-10-05,2026-W41,NYC FLEET / DDC_LIC-S1,30-20 Thomson Ave,Queens,New York,Level 2,CT4010-HD-GW,2026-06-05,2913.1,True
2026-10-05,2026-W41,NYC FLEET / FDNY_EMS4-2,299 South St,New York,New York,Level 2,CPF50-L23,,0.0,True
2026-10-05,2026-W41,NYC FLEET / DPRLYONSPL1A-B,15 Murray Hulbert Ave,Staten Island,New York,Level 2,CT4020-HD-GW,2024-03-22,22234.6,True
2026-10-05,2026-W41,NYC FLEET / DPRBROOKFLD1A-B,575 Arthur Kill Rd,Staten Island,New York,Level 2,CT4020-HD-GW,2026-06-23,2487.6,True
2026-10-05,2026-W41,NYC FLEET / DPRBROOKFLD4A-B,575 Arthur Kill Rd,Staten Island,New York,Level 2,CT4020-HD-GW,2026-10-03,51.1,True
2026-10-05,2026-W41,NYC FLEET / DOTQNSBLVD-4,34-2 Queens Blvd,Queens,New York,Level 2,CPF25,2026-04-04,4408.1,True
2026-10-05,2026-W41,NYC FLEET / DOTQNSBLVD-3,34-2 Queens Blvd,Queens,New York,Level 2,CPF25,2026-04-04,4408.1,True
2026-10-05,2026-W41,NYC FLEET / FDNY9METROTECH5,9 MetroTech Center,Brooklyn,New York,Level 2,CPF25,2026-08-05,1448.7,True
2026-10-05,2026-W41,NYC FLEET / DOTQNSBLVD-2,34-2 Queens Blvd,Queens,New York,Level 2,CPF25,2026-04-04,4408.1,True
2026-10-05,2026-W41,NYC FLEET / DEP_GRAHMSVLLE2,7858 NY-42,Grahamsville,New York,Level 2,CT4020-HD-GW,2026-07-23,1769.3,True
2026-10-05,2026-W41,NYC FLEET / DEP_KINGSTON-3,91 Smith Ave,Kingston,New York,Level 2,CT4020-HD-GW,2026-10-03,39.9,True
2026-10-05,2026-W41,NYC FLEET / DEP_HILLVW1A-B,123 Hillview Ave,Yonkers,New York,Level 2,CT4020-HD-GW,2026-10-04,12.6,True
2026-10-05,2026-W41,NYC FLEET / DOTQNSBLVD-1,34-2 Queens Blvd,Queens,New York,Level 2,CPF25,2026-04-04,4408.1,True
2026-10-05,2026-W41,NYC FLEET / DPRARSENAL#2,East Dr,New York,New York,Level 2,CPF25,2026-07-02,2276.0,True
2026-10-05,2026-W41,NYC FLEET / NYPD49PCT-1,2121 Eastchestr Rd,East Bronx,New York,Level 2,CT4020-HD-GW,2026-10-04,7.9,True
2026-10-05,2026-W41,NYC FLEET / DPRARSENAL#5,East Dr,New York,New York,Level 2,CPF25,2026-06-24,2457.1,True
2026-10-05,2026-W41,NYC FLEET / DPRARSENAL#6,East Dr,New York,New York,Level 2,CPF25,2026-08-08,1383.2,True
2026-10-05,2026-W41,NYC FLEET / DPRARSENAL#7,East Dr,New York,New York,Level 2,CPF25,2026-09-27,181.4,True
2026-10-05,2026-W41,NYC FLEET / DPRARSENAL#9,East Dr,New York,New York,Level 2,CPF50,2026-09-30,106.1,True
2026-10-05,2026-W41,NYC FLEET / DPRARSENAL-8,East Dr,New York,New York,Level 2,CPF25,2026-09-27,179.6,True
2026-10-05,2026-W41,NYC FLEET / DPRQNSSHOPS2A-B,8298 88th Pl,Flushing,New York,Level 2,CT4020-HD-GW,2026-09-23,278.4,True
2026-10-05,2026-W41,NYC FLEET / DPRARSENAL#15,East Dr,New York,New York,Level 2,CPF25,2026-09-29,144.9,True
2026-10-05,2026-W41,NYC FLEET / DPRSLVRLAKE1-CP,42 Revere St,Staten Island,New York,Level 2,CPF50-L18,2026-08-19,1114.2,True
2026-10-05,2026-W41,NYC FLEET / DEP_WARDTRLR116,116 4th Dr,New York,New York,Level 2,CT4020-HD-GW,2026-09-28,160.9,True
2026-10-05,2026-W41,NYC FLEET / DPRBXFORST#5A-B,1831 Unionport Rd,East Bronx,New York,Level 2,CT4020-HD-GW,2026-10-04,22.9,True
2026-10-05,2026-W41,NYC FLEET / DPRARSENAL#14,830 5th Ave,New York,New York,Level 2,CPF25,2026-09-03,761.6,True
2026-10-05,2026-W41,NYC FLEET / DPRARSENAL#3,East Dr,New York,New York,Level 2,CPF25,2026-09-13,508.6,True
2026-10-05,2026-W41,NYC FLEET / DPRARSENAL#1,East Dr,New York,New York,Level 2,CPF25,2026-07-02,2273.1,True
2026-10-05,2026-W41,NYC FLEET / DPR-CFQNS-1,97-77 Queens Boulevard Lower level garage,Queens,New York,Level 2,CPF50-L18,2026-07-09,2106.5,True
2026-10-05,2026-W41,NYC FLEET / DPR-CFQNS-2,97-77 Queens Boulevard Lower level garage,Queens,New York,Level 2,CPF50-L18,2026-07-09,2110.8,True
2026-10-05,2026-W41,NYC FLEET / DPR-CFQNS-3,97-77 Queens Boulevard Lower level garage,Queens,New York,Level 2,CPF50-L18,2026-07-09,2107.1,True
2026-10-05,2026-W41,NYC FLEET / DPR-CFQNS-4,97-77 Queens Boulevard Lower level garage,Queens,New York,Level 2,CPF50-L18,2026-07-06,2179.4,True
2026-10-05,2026-W41,NYC FLEET / DPR-CFQNS-7A,97-77 Queens Boulevard Lower level garage,Queens,New York,Level 2,CPF50-L18,2026-09-23,284.6,True
2026-10-05,2026-W41,NYC FLEET / NYCHA_QSIPRMG_2,90-20 170th Street,Jamaica,New York,Level 2,CT4020-HD-GW,,0.0,True
2026-10-05,2026-W41,NYC FLEET / DCASNAVYYARD03,2 Navy St,Brooklyn,New York,Level 2,CPF25,2026-09-28,155.5,True
2026-10-05,2026-W41,NYC FLEET / DCASNAVYYARD04,2 Navy St,Brooklyn,New York,Level 2,CPF25,2026-09-28,155.6,True
2026-10-05,2026-W41,NYC FLEET / NYPDBXTRAFFC-S3,4223 3rd Ave,West Bronx,New York,Level 2,CT4010-HD2-GW-LTE,2026-08-27,924.7,True
2026-10-05,2026-W41,NYC FLEET / NYCHA_MBMO_1,1980 Lexington Ave,New York,New York,Level 2,CT4010-HD-GW,2026-03-20,4760.8,True
2026-10-05,2026-W41,NYC FLEET / OEMHQCADMAN-3,165 Cadman Plaza E,Brooklyn,New York,Level 2,CT600-GW1-RFID,2019-03-19,66158.3,True
2026-10-05,2026-W41,NYC FLEET / OEMHQCADMAN-4,165 Cadman Plaza E,Brooklyn,New York,Level 2,CT600-GW1-RFID,2022-03-02,40270.0,True
2026-10-05,2026-W41,NYC FLEET / OEMHQCADMAN-2,165 Cadman Plaza E,Brooklyn,New York,Level 2,CT600-GW1-RFID,2022-03-02,40269.6,True
2026-10-05,2026-W41,NYC FLEET / OEMHQCADMAN-1,165 Cadman Plaza E,Brooklyn,New York,Level 2,CT600-GW1-RFID,2022-03-02,40269.5,True
2026-10-05,2026-W41,NYC FLEET / DPROLMSTD#18A-B,6 Olmsted Dr,Corona,New York,Level 2,CT4020-HD-GW,2026-10-04,13.1,True
2026-10-05,2026-W41,NYC FLEET / DPRNMEADOW#1A-B,97th St Transverse,New York,New York,Level 2,CT4020-HD-GW,2023-09-19,26677.6,True
2026-10-05,2026-W41,NYC FLEET / DPRNMEADOW#2A-B,97th St Transverse,New York,New York,Level 2,CT4020-HD-GW,2023-09-19,26677.8,True
2026-10-05,2026-W41,NYC FLEET / NYPD_FBF-S3,50 Aviation Rd,Brooklyn,New York,Level 2,CT4010-HD-GW,2026-08-28,893.0,True
2026-10-05,2026-W41,NYC FLEET / DPR_VCP-S2,6000 Mosholu Ave,The Bronx,New York,Level 2,CT4010-HD-GW,2026-10-04,9.0,True
2026-10-05,2026-W41,NYC FLEET / NYPDBXTRAFFC-S2,4223 Third Ave,New York,New York,Level 2,CT4010-HD-GW,2021-09-13,44334.7,True
2026-10-05,2026-W41,NYC FLEET / DPRCUNINGHM-S2,Fresh Meadows Cunningham parking lot,Queens,New York,Level 2,CT4010-HD-GW,2026-10-04,7.2,True
2026-10-05,2026-W41,NYC FLEET / DOC_RI-INVDIV-S,Hillside Ave,Bronx,New York,Level 2,CT4010-HD-GW,2026-10-04,11.8,True
2026-10-05,2026-W41,NYC FLEET / DOTFLATLANDS-S1,928 E 76th St,Canarsie,New York,Level 2,CT4010-HD-GW,2026-10-03,32.3,True
2026-10-05,2026-W41,NYC FLEET / DOT_HARPER-S2,32-11 Harper St,Queens,New York,Level 2,CT4010-HD-GW,2026-06-23,2483.2,True
2026-10-05,2026-W41,NYC FLEET / DPRLYONS-S1,405 Father Capodanno Blvd South Beach,Staten Island,New York,Level 2,CT4010-HD-GW,2026-09-04,733.2,True
2026-10-05,2026-W41,NYC FLEET / DPRPARADE1-2,397 Coney Island Ave,Flatbush,New York,Level 2,CT4020-HD2-GW-LTE,2026-08-21,1080.7,True
2026-10-05,2026-W41,NYC FLEET / DOC_QNSCOURT,125-01 82nd Ave,Kew Gardens,New York,Level 2,CT4020-HD-GW,2023-01-19,32509.4,True
2026-10-05,2026-W41,NYC FLEET / DPRBXPEPNORTH-1,Westchester Av/Burr Av,Pelham Bay,New York,Level 2,CT4020-HD-GW,2026-06-05,2919.2,True
2026-10-05,2026-W41,NYC FLEET / DOC_FFF-CPT,120 Construction Way,Rikers Island,New York,Level 2,CT4020-HD-GW,2026-10-04,14.6,True
2026-10-05,2026-W41,NYC FLEET / DPRCITYWIDE#10,13 Bronx Shore Rd,New York,New York,Level 2,CT4020-HD-GW,2026-08-24,992.4,True
2026-10-05,2026-W41,NYC FLEET / DPRRIVERSIDE-S2,475 Riverside Dr,New York,New York,Level 2,CT4010-HD-GW,2026-10-04,12.4,True
2026-10-05,2026-W41,NYC FLEET / OEMHQARC-S3,Cadman Plaza E,Brooklyn,New York,Level 2,CT4010-HD-GW,2026-10-03,50.8,True
2026-10-05,2026-W41,NYC FLEET / DOE_ELECBUS,231 Malta St,East New York,New York,Level 2,CT4020-HD-GW,2022-04-08,39368.3,True
2026-10-05,2026-W41,NYC FLEET / DPRROCKAWY86-S1,8601 Shore Front Pkwy,Rockaway Beach,New York,Level 2,CT4010-HD2-GW-LTE,2026-10-03,29.4,True
2026-10-05,2026-W41,NYC FLEET / DPRPRSPCTYARDS2,48 West Dr,Brooklyn,New York,Level 2,CT4010-HD-GW,2026-09-18,387.6,True
2026-10-05,2026-W41,NYC FLEET / DOE1230ZEREGAAV,1230 Zerega Ave,Bronx,New York,Level 2,CT2000-HD-GPRS1-CCR,2022-01-01,41709.5,True
2026-10-05,2026-W41,NYC FLEET / DOC_VBAIN-S,1 Halleck Street,Bronx,New York,Level 2,CT4010-HD-GW,2025-10-01,8853.8,True
2026-10-05,2026-W41,NYC FLEET / DPRPEPBURR-S1,2029 Burr Ave,Bronx,New York,Level 2,CT4010-HD-GW,2026-03-10,5017.9,True
2026-10-05,2026-W41,NYC FLEET / NYPDACADEMY-S4,130-30 28th Ave,Flushing,New York,Level 2,CT4010-HD2-GW-LTE,2025-09-04,9486.0,True
2026-10-05,2026-W41,NYC FLEET / DPRPEPBURR-S3,2029 Burr Ave,Middletown - Pelham Bay,New York,Level 2,CT4010-HD2-GW-LTE,2026-07-22,1789.8,True
2026-10-05,2026-W41,NYC FLEET / DPRPEPBURR-S2,2029 Burr Ave,Middletown - Pelham Bay,New York,Level 2,CT4010-HD-GW,2026-09-27,189.0,True
2026-10-05,2026-W41,NYC FLEET / DPR_VC-GAR-S2,5788 Broadway,North Riverdale,New York,Level 2,CT4010-HD-GW,2024-03-11,22500.4,True
2026-10-05,2026-W41,NYC FLEET / NYPD_FBF-S4,50 Aviation Rd,Brooklyn,New York,Level 2,CT4010-HD-GW,2026-10-03,43.8,True
2026-10-05,2026-W41,NYC FLEET / DPR_VCP-S1,189 Van Cortlandt Ave W Major Deegan Expy,The Bronx,New York,Level 2,CT4010-HD-GW,2026-08-30,863.8,True
2026-10-05,2026-W41,NYC FLEET / DOC_HAZENLOT-S3,Hazen St,Rikers Island,New York,Level 2,CT4010-HD-GW,2026-10-03,32.2,True
2026-10-05,2026-W41,NYC FLEET / DCASNAVYYARD02,2 Navy St,Brooklyn,New York,Level 2,CPF25,2026-09-28,155.5,True
2026-10-05,2026-W41,NYC FLEET / OEMHQCADMAN-6,165 Cadman Plaza E,Brooklyn,New York,Level 2,CT600-GW1-RFID-ZIG,2022-03-02,40269.9,True
